INSERT INTO wtype (name) VALUES
('PUSH'),
('PULL'),
('LEGS'),
('CORE'),
('ARMS'),
('BACK'),
('CHEST'),
('SHOULDERS');

INSERT INTO target (name) VALUES
('UPPER_CHEST'),
('LOWER_CHEST'),
('BICEPS'),
('TRICEPS'),
('LATS'),
('REAR_DELTS'),
('SIDE_DELTS'),
('FRONT_DELTS'),
('QUADS'),
('HAMSTRINGS'),
('CALVES'),
('GLUTES'),
('SPINAL_ERECTORS'),
('TRAPS'),
('RHOMBOIDS'),
('CORE'),
('OBLIQUES');

INSERT INTO targets_wtypes (target_name, wtype_name) VALUES
('UPPER_CHEST', 'PUSH'),
('UPPER_CHEST', 'CHEST'),
('LOWER_CHEST', 'PUSH'),
('LOWER_CHEST', 'CHEST'),
('BICEPS', 'PULL'),
('BICEPS', 'ARMS'),
('TRICEPS', 'PUSH'),
('TRICEPS', 'ARMS'),
('LATS', 'PULL'),
('LATS', 'BACK'),
('REAR_DELTS', 'PULL'),
('REAR_DELTS', 'SHOULDERS'),
('SIDE_DELTS', 'PULL'),
('SIDE_DELTS', 'PUSH'),
('SIDE_DELTS', 'SHOULDERS'),
('FRONT_DELTS', 'PUSH'),
('FRONT_DELTS', 'SHOULDERS'),
('QUADS', 'LEGS'),
('HAMSTRINGS', 'LEGS'),
('CALVES', 'LEGS'),
('GLUTES', 'LEGS'),
('SPINAL_ERECTORS', 'PULL'),
('SPINAL_ERECTORS', 'BACK'),
('TRAPS', 'PULL'),
('TRAPS', 'BACK'),
('RHOMBOIDS', 'PULL'),
('RHOMBOIDS', 'BACK'),
('CORE', 'CORE'),
('OBLIQUES', 'CORE');

INSERT INTO exercise (name) VALUES
('CRUNCHES'),
('LEG_RAISES'),
('SITUPS'),
('ABS_TWIST'),

('LEG_PRESS'),
('LEG_EXTENSIONS'),
('LEG_CURLS'),
('CALF_RAISES'),
('SQUAT'),
('DEADLIFT'),
('HIP_ABDUCTION'),
('HIP_ADDUCTION'),
('GLUTE_KICKBACKS'),
('HIP_THRUST'),

('BENCH_PRESS'),
('DUMBELL_PRESS'),
('INCLINED_BENCH_PRESS'),
('INCLINED_DUMBELL_PRESS'),
('CABLE_FLIES'),
('DIP'),
('SEATED_DIP'),
('PUSHUP'),

('MILITARY_PRESS'),
('SHOULDER_PRESS'),
('REVERSED_FLIES'),
('LATERAL_RAISES'),
('UPRIGHT_ROW'),

('PULLUP'),
('PULLDOWN'),
('PULLOVER'),
('CHINUP'),
('ROW'),
('FACE_PULLS'),
('HIGH_ROW'),
('SHRUGS'),

('DUMBELL_CURLS'),
('BARBELL_CURLS'),
('ISOLATION_CURLS'),
('PREACHER_CURLS'),

('TRICEP_EXTENSIONS'),
('TRICEP_OH_EXTENSIONS'),
('SKULL_CRUSHERS'),
('TRICEP_KICKBACKS');


INSERT INTO exercise_primary_targets (exercise_name, primary_targets_name) VALUES
('CRUNCHES', 'CORE'),
('LEG_RAISES', 'CORE'),
('SITUPS', 'CORE'),
('ABS_TWIST', 'CORE'),

('LEG_PRESS', 'QUADS'),
('LEG_PRESS', 'GLUTES'),
('LEG_EXTENSIONS', 'QUADS'),
('LEG_CURLS', 'HAMSTRINGS'),
('CALF_RAISES', 'CALVES'),
('SQUAT', 'QUADS'),
('SQUAT', 'GLUTES'),
('DEADLIFT', 'SPINAL_ERECTORS'),
('DEADLIFT', 'TRAPS'),
('DEADLIFT', 'RHOMBOIDS'),
('DEADLIFT', 'GLUTES'),
('DEADLIFT', 'HAMSTRINGS'),
('HIP_ABDUCTION', 'GLUTES'),
('HIP_ADDUCTION', 'QUADS'),
('GLUTE_KICKBACKS', 'GLUTES'),
('HIP_THRUST', 'GLUTES'),

('BENCH_PRESS', 'LOWER_CHEST'),
('BENCH_PRESS', 'UPPER_CHEST'),
('DUMBELL_PRESS', 'LOWER_CHEST'),
('DUMBELL_PRESS', 'UPPER_CHEST'),
('INCLINED_BENCH_PRESS', 'UPPER_CHEST'),
('INCLINED_BENCH_PRESS', 'FRONT_DELTS'),
('INCLINED_DUMBELL_PRESS', 'UPPER_CHEST'),
('INCLINED_DUMBELL_PRESS', 'FRONT_DELTS'),
('CABLE_FLIES', 'LOWER_CHEST'),
('CABLE_FLIES', 'UPPER_CHEST'),
('DIP', 'TRICEPS'),
('DIP', 'FRONT_DELTS'),
('SEATED_DIP', 'TRICEPS'),
('SEATED_DIP', 'FRONT_DELTS'),
('PUSHUP', 'LOWER_CHEST'),
('PUSHUP', 'UPPER_CHEST'),
('PUSHUP', 'TRICEPS'),

('MILITARY_PRESS', 'FRONT_DELTS'),
('MILITARY_PRESS', 'SIDE_DELTS'),
('SHOULDER_PRESS', 'FRONT_DELTS'),
('SHOULDER_PRESS', 'SIDE_DELTS'),
('REVERSED_FLIES', 'REAR_DELTS'),
('LATERAL_RAISES', 'SIDE_DELTS'),

('ROW', 'LATS'),
('ROW', 'RHOMBOIDS'),
('PULLUP', 'LATS'),
('PULLDOWN', 'LATS'),
('PULLOVER', 'LATS'),
('CHINUP', 'LATS'),
('FACE_PULLS', 'RHOMBOIDS'),
('FACE_PULLS', 'REAR_DELTS'),
('SHRUGS', 'TRAPS'),

('DUMBELL_CURLS', 'BICEPS'),
('BARBELL_CURLS', 'BICEPS'),
('ISOLATION_CURLS', 'BICEPS'),
('PREACHER_CURLS', 'BICEPS'),

('TRICEP_EXTENSIONS', 'TRICEPS'),
('TRICEP_OH_EXTENSIONS', 'TRICEPS'),
('SKULL_CRUSHERS', 'TRICEPS'),
('TRICEP_KICKBACKS', 'TRICEPS');


INSERT INTO exercise_secondary_targets (exercise_name, secondary_targets_name) VALUES
('LEG_PRESS', 'HAMSTRINGS'),
('SQUAT', 'SPINAL_ERECTORS'),
('SQUAT', 'HAMSTRINGS'),
('DEADLIFT', 'QUADS'),
('DEADLIFT', 'LATS'),
('GLUTE_KICKBACKS', 'HAMSTRINGS'),
('HIP_THRUST', 'QUADS'),

('BENCH_PRESS', 'FRONT_DELTS'),
('BENCH_PRESS', 'TRICEPS'),
('DUMBELL_PRESS', 'FRONT_DELTS'),
('DUMBELL_PRESS', 'TRICEPS'),
('INCLINED_BENCH_PRESS', 'TRICEPS'),
('INCLINED_BENCH_PRESS', 'LOWER_CHEST'),
('INCLINED_DUMBELL_PRESS', 'TRICEPS'),
('INCLINED_DUMBELL_PRESS', 'LOWER_CHEST'),
('CABLE_FLIES', 'FRONT_DELTS'),
('DIP', 'LOWER_CHEST'),
('SEATED_DIP', 'LOWER_CHEST'),
('PUSHUP', 'FRONT_DELTS'),

('REVERSED_FLIES', 'TRAPS'),
('UPRIGHT_ROW', 'SIDE_DELTS'),
('UPRIGHT_ROW', 'REAR_DELTS'),
('UPRIGHT_ROW', 'TRAPS'),

('ROW', 'TRAPS'),
('ROW', 'BICEPS'),
('PULLUP', 'BICEPS'),
('PULLDOWN', 'BICEPS'),
('PULLOVER', 'BICEPS'),
('CHINUP', 'BICEPS'),
('FACE_PULLS', 'TRAPS'),
('HIGH_ROW', 'RHOMBOIDS'),
('HIGH_ROW', 'TRAPS'),
('HIGH_ROW', 'REAR_DELTS');